{"time": "2025-06-03 16:36:20", "action": "WAIT", "confidence": 0, "reason": "שגיאת שוק: list index out of range"}
{"time": "2025-06-03 16:38:33", "action": "WAIT", "confidence": 0, "reason": "שגיאת שוק: list index out of range"}
{"time": "2025-06-03 16:39:32", "action": "WAIT", "confidence": 0, "reason": "שגיאת שוק: list index out of range"}
{"time": "2025-06-03 16:41:12", "action": "WAIT", "confidence": 0, "reason": "שגיאת שוק: list index out of range"}
{"time": "2025-06-03 16:41:45", "action": "WAIT", "confidence": 0, "reason": "שגיאת שוק: list index out of range"}
{"time": "2025-06-03 17:27:35", "action": "WAIT", "confidence": 0, "reason": "שגיאת שוק: list index out of range"}
